{
  "Query years" : {
    "transaction" : "Query years",
    "sampleCount" : 136290,
    "errorCount" : 0,
    "errorPct" : 0.0,
    "meanResTime" : 84.33033237948501,
    "medianResTime" : 60.0,
    "minResTime" : 6.0,
    "maxResTime" : 2206.0,
    "pct1ResTime" : 176.0,
    "pct2ResTime" : 209.0,
    "pct3ResTime" : 283.0,
    "throughput" : 1135.135135135135,
    "receivedKBytesPerSec" : 722.7618243243244,
    "sentKBytesPerSec" : 524.3348817567568
  },
  "Total" : {
    "transaction" : "Total",
    "sampleCount" : 136290,
    "errorCount" : 0,
    "errorPct" : 0.0,
    "meanResTime" : 84.33033237948501,
    "medianResTime" : 60.0,
    "minResTime" : 6.0,
    "maxResTime" : 2206.0,
    "pct1ResTime" : 176.0,
    "pct2ResTime" : 209.0,
    "pct3ResTime" : 283.0,
    "throughput" : 1135.135135135135,
    "receivedKBytesPerSec" : 722.7618243243244,
    "sentKBytesPerSec" : 524.3348817567568
  }
}