{
  "Query years" : {
    "transaction" : "Query years",
    "sampleCount" : 58389,
    "errorCount" : 0,
    "errorPct" : 0.0,
    "meanResTime" : 210.345373272363,
    "medianResTime" : 168.0,
    "minResTime" : 6.0,
    "maxResTime" : 11349.0,
    "pct1ResTime" : 223.0,
    "pct2ResTime" : 266.0,
    "pct3ResTime" : 668.0,
    "throughput" : 456.37442258541046,
    "receivedKBytesPerSec" : 324.4536910568152,
    "sentKBytesPerSec" : 210.8057635575187
  },
  "Total" : {
    "transaction" : "Total",
    "sampleCount" : 58389,
    "errorCount" : 0,
    "errorPct" : 0.0,
    "meanResTime" : 210.345373272363,
    "medianResTime" : 168.0,
    "minResTime" : 6.0,
    "maxResTime" : 11349.0,
    "pct1ResTime" : 223.0,
    "pct2ResTime" : 266.0,
    "pct3ResTime" : 668.0,
    "throughput" : 456.37442258541046,
    "receivedKBytesPerSec" : 324.4536910568152,
    "sentKBytesPerSec" : 210.8057635575187
  }
}