{
  "Query years" : {
    "transaction" : "Query years",
    "sampleCount" : 140919,
    "errorCount" : 0,
    "errorPct" : 0.0,
    "meanResTime" : 81.55331786345371,
    "medianResTime" : 69.0,
    "minResTime" : 5.0,
    "maxResTime" : 3750.0,
    "pct1ResTime" : 156.0,
    "pct2ResTime" : 184.0,
    "pct3ResTime" : 238.0,
    "throughput" : 1173.8261238973435,
    "receivedKBytesPerSec" : 849.4190994218083,
    "sentKBytesPerSec" : 542.2067935580503
  },
  "Total" : {
    "transaction" : "Total",
    "sampleCount" : 140919,
    "errorCount" : 0,
    "errorPct" : 0.0,
    "meanResTime" : 81.55331786345371,
    "medianResTime" : 69.0,
    "minResTime" : 5.0,
    "maxResTime" : 3750.0,
    "pct1ResTime" : 156.0,
    "pct2ResTime" : 184.0,
    "pct3ResTime" : 238.0,
    "throughput" : 1173.8261238973435,
    "receivedKBytesPerSec" : 849.4190994218083,
    "sentKBytesPerSec" : 542.2067935580503
  }
}